<?xml version="1.0" encoding="UTF-8"?>
<GenRun Id="synth_1" LaunchPart="xc7z020clg484-1" LaunchTime="1669309900">
  <File Type="PA-TCL" Name="VGA_source_bd_wrapper.tcl"/>
  <File Type="RDS-PROPCONSTRS" Name="VGA_source_bd_wrapper_drc_synth.rpt"/>
  <File Type="REPORTS-TCL" Name="VGA_source_bd_wrapper_reports.tcl"/>
  <File Type="RDS-RDS" Name="VGA_source_bd_wrapper.vds"/>
  <File Type="RDS-UTIL" Name="VGA_source_bd_wrapper_utilization_synth.rpt"/>
  <File Type="RDS-UTIL-PB" Name="VGA_source_bd_wrapper_utilization_synth.pb"/>
  <File Type="RDS-DCP" Name="VGA_source_bd_wrapper.dcp"/>
  <File Type="VDS-TIMINGSUMMARY" Name="VGA_source_bd_wrapper_timing_summary_synth.rpt"/>
  <File Type="VDS-TIMING-PB" Name="VGA_source_bd_wrapper_timing_summary_synth.pb"/>
  <FileSet Name="sources" Type="DesignSrcs" RelSrcDir="$PSRCDIR/sources_1" RelGenDir="$PSRCDIR/sources_1">
    <Filter Type="Srcs"/>
    <File Path="$PSRCDIR/sources_1/new/com_1.vhd">
      <FileInfo>
        <Attr Name="ImportPath" Val="$PPRDIR/../TP_1/TP_1.srcs/sources_1/new/com_1.vhd"/>
        <Attr Name="ImportTime" Val="1663943582"/>
        <Attr Name="UsedIn" Val="synthesis"/>
        <Attr Name="UsedIn" Val="simulation"/>
      </FileInfo>
    </File>
    <File Path="$PSRCDIR/sources_1/bd/VGA_source_bd/VGA_source_bd.bd">
      <FileInfo>
        <Attr Name="ImportPath" Val="$PPRDIR/../TP_1/TP_1.srcs/sources_1/bd/VGA_source_bd/VGA_source_bd.bd"/>
        <Attr Name="ImportTime" Val="1664289184"/>
        <Attr Name="UsedIn" Val="synthesis"/>
        <Attr Name="UsedIn" Val="implementation"/>
        <Attr Name="UsedIn" Val="simulation"/>
      </FileInfo>
    </File>
    <File Path="$PSRCDIR/sources_1/bd/VGA_source_bd/hdl/VGA_source_bd_wrapper.vhd">
      <FileInfo>
        <Attr Name="ImportPath" Val="$PPRDIR/../TP_1/TP_1.srcs/sources_1/bd/VGA_source_bd/hdl/VGA_source_bd_wrapper.vhd"/>
        <Attr Name="ImportTime" Val="1663946246"/>
        <Attr Name="UsedIn" Val="synthesis"/>
        <Attr Name="UsedIn" Val="simulation"/>
      </FileInfo>
    </File>
    <Config>
      <Option Name="DesignMode" Val="RTL"/>
      <Option Name="TopModule" Val="VGA_source_bd_wrapper"/>
      <Option Name="TopAutoSet" Val="TRUE"/>
    </Config>
  </FileSet>
  <FileSet Name="constrs_in" Type="Constrs" RelSrcDir="$PSRCDIR/constrs_1">
    <Filter Type="Constrs"/>
    <File Path="$PPRDIR/Base_line_top.xdc">
      <FileInfo>
        <Attr Name="UsedIn" Val="synthesis"/>
        <Attr Name="UsedIn" Val="implementation"/>
      </FileInfo>
    </File>
    <Config>
      <Option Name="ConstrsType" Val="XDC"/>
    </Config>
  </FileSet>
  <FileSet Name="utils" Type="Utils" RelSrcDir="$PSRCDIR/utils_1">
    <Filter Type="Utils"/>
    <Config>
      <Option Name="TopAutoSet" Val="TRUE"/>
    </Config>
  </FileSet>
  <Strategy Version="1" Minor="2">
    <StratHandle Name="Vivado Synthesis Defaults" Flow="Vivado Synthesis 2020"/>
    <Step Id="synth_design"/>
  </Strategy>
  <BlockFileSet Type="BlockSrcs" Name="VGA_source_bd_v_tc_0_0"/>
  <BlockFileSet Type="BlockSrcs" Name="VGA_source_bd_c_counter_binary_0_0"/>
  <BlockFileSet Type="BlockSrcs" Name="VGA_source_bd_proc_sys_reset_0_0"/>
  <BlockFileSet Type="BlockSrcs" Name="VGA_source_bd_clk_wiz_0_0"/>
  <BlockFileSet Type="BlockSrcs" Name="VGA_source_bd_com_1_0_0"/>
  <BlockFileSet Type="BlockSrcs" Name="VGA_source_bd_v_vid_in_axi4s_0_0"/>
  <BlockFileSet Type="BlockSrcs" Name="VGA_source_bd_proc_sys_reset_1_0"/>
  <BlockFileSet Type="BlockSrcs" Name="VGA_source_bd_v_tc_1_0"/>
  <BlockFileSet Type="BlockSrcs" Name="VGA_source_bd_v_axi4s_vid_out_0_0"/>
</GenRun>
