<?xml version="1.0" encoding="UTF-8"?>
<GenRun Id="VGA_source_bd_c_counter_binary_0_0_synth_1" LaunchPart="xc7z020clg484-1" LaunchTime="1663942185">
  <File Type="PA-TCL" Name="VGA_source_bd_c_counter_binary_0_0.tcl"/>
  <File Type="REPORTS-TCL" Name="VGA_source_bd_c_counter_binary_0_0_reports.tcl"/>
  <File Type="RDS-RDS" Name="VGA_source_bd_c_counter_binary_0_0.vds"/>
  <File Type="RDS-UTIL" Name="VGA_source_bd_c_counter_binary_0_0_utilization_synth.rpt"/>
  <File Type="RDS-UTIL-PB" Name="VGA_source_bd_c_counter_binary_0_0_utilization_synth.pb"/>
  <File Type="RDS-DCP" Name="VGA_source_bd_c_counter_binary_0_0.dcp"/>
  <FileSet Name="sources" Type="BlockSrcs" RelSrcDir="$PSRCDIR/VGA_source_bd_c_counter_binary_0_0">
    <File Path="$PSRCDIR/sources_1/bd/VGA_source_bd/ip/VGA_source_bd_c_counter_binary_0_0/VGA_source_bd_c_counter_binary_0_0.xci">
      <FileInfo>
        <Attr Name="ImportPath" Val="$PPRDIR/../TP_1/TP_1.srcs/sources_1/bd/VGA_source_bd/ip/VGA_source_bd_c_counter_binary_0_0/VGA_source_bd_c_counter_binary_0_0.xci"/>
        <Attr Name="ImportTime" Val="1663942184"/>
        <Attr Name="UsedIn" Val="synthesis"/>
        <Attr Name="UsedIn" Val="implementation"/>
        <Attr Name="UsedIn" Val="simulation"/>
      </FileInfo>
    </File>
    <Config>
      <Option Name="TopModule" Val="VGA_source_bd_c_counter_binary_0_0"/>
      <Option Name="UseBlackboxStub" Val="1"/>
    </Config>
  </FileSet>
  <FileSet Name="constrs_in" Type="BlockSrcs" RelSrcDir="$PSRCDIR/VGA_source_bd_c_counter_binary_0_0">
    <File Path="$PSRCDIR/sources_1/bd/VGA_source_bd/ip/VGA_source_bd_c_counter_binary_0_0/VGA_source_bd_c_counter_binary_0_0.xci">
      <FileInfo>
        <Attr Name="ImportPath" Val="$PPRDIR/../TP_1/TP_1.srcs/sources_1/bd/VGA_source_bd/ip/VGA_source_bd_c_counter_binary_0_0/VGA_source_bd_c_counter_binary_0_0.xci"/>
        <Attr Name="ImportTime" Val="1663942184"/>
        <Attr Name="UsedIn" Val="synthesis"/>
        <Attr Name="UsedIn" Val="implementation"/>
        <Attr Name="UsedIn" Val="simulation"/>
      </FileInfo>
    </File>
    <Config>
      <Option Name="TopModule" Val="VGA_source_bd_c_counter_binary_0_0"/>
      <Option Name="UseBlackboxStub" Val="1"/>
    </Config>
  </FileSet>
  <FileSet Name="utils" Type="Utils" RelSrcDir="$PSRCDIR/utils_1">
    <Filter Type="Utils"/>
    <Config>
      <Option Name="TopAutoSet" Val="TRUE"/>
    </Config>
  </FileSet>
  <Strategy Version="1" Minor="2">
    <StratHandle Name="Vivado Synthesis Defaults" Flow="Vivado Synthesis 2020"/>
    <Step Id="synth_design"/>
  </Strategy>
</GenRun>
