<?xml version="1.0"?>
<Runs Version="1" Minor="0">
	<Run Id="VGA_source_bd_v_vid_in_axi4s_0_0_synth_1" LaunchDir="C:/Users/HP/Desktop/Desktop/project_2/project_2.runs/VGA_source_bd_v_vid_in_axi4s_0_0_synth_1" FlowId="Vivado_Synthesis" FromStepId="vivado" ToStepId="vivado"/>
	<Run Id="VGA_source_bd_proc_sys_reset_1_0_synth_1" LaunchDir="C:/Users/HP/Desktop/Desktop/project_2/project_2.runs/VGA_source_bd_proc_sys_reset_1_0_synth_1" FlowId="Vivado_Synthesis" FromStepId="vivado" ToStepId="vivado"/>
	<Run Id="VGA_source_bd_v_axi4s_vid_out_0_0_synth_1" LaunchDir="C:/Users/HP/Desktop/Desktop/project_2/project_2.runs/VGA_source_bd_v_axi4s_vid_out_0_0_synth_1" FlowId="Vivado_Synthesis" FromStepId="vivado" ToStepId="vivado"/>
	<Run Id="synth_1" LaunchDir="C:/Users/HP/Desktop/Desktop/project_2/project_2.runs/synth_1" FlowId="Vivado_Synthesis" FromStepId="vivado" ToStepId="vivado">
		<Parent Id="VGA_source_bd_v_vid_in_axi4s_0_0_synth_1"/>
		<Parent Id="VGA_source_bd_proc_sys_reset_1_0_synth_1"/>
		<Parent Id="VGA_source_bd_v_axi4s_vid_out_0_0_synth_1"/>
	</Run>
	<Parameters>
		<Parameter Name="runs.monitorLSFJobs" Val="true" Type="bool"/>
		<Parameter Name="runs.enableClusterConf" Val="true" Type="bool"/>
	</Parameters>
</Runs>

